id,c_date,campaign_name,category,campaign_id,impressions,mark_spent,clicks,leads,orders,revenue,date,CTR,Conversion_Rate,ROI
1,2021-02-01,facebook_tier1,social,349043,148263,7307.37,1210,13,1,4981.0,2021-02-01,0.008161173050592527,0.0008264462809917355,-0.31835940974659827
2,2021-02-01,facebOOK_tier2,social,348934,220688,16300.2,1640,48,3,14962.0,2021-02-01,0.007431305734793011,0.001829268292682927,-0.08209715218218186
3,2021-02-01,google_hot,search,89459845,22850,5221.6,457,9,1,7981.0,2021-02-01,0.02,0.002188183807439825,0.5284587099739543
4,2021-02-01,google_wide,search,127823,147038,6037.0,1196,24,1,2114.0,2021-02-01,0.008133951767570287,0.0008361204013377926,-0.6498260725525924
5,2021-02-01,youtube_blogger,influencer,10934,225800,29962.2,2258,49,10,84490.0,2021-02-01,0.01,0.0044286979627989375,1.8198863901849665
6,2021-02-01,instagram_tier1,social,9034945,444857,9540.01,1342,27,3,17943.0,2021-02-01,0.0030166997484584934,0.0022354694485842027,0.8808156385580308
7,2021-02-01,instagram_tier2,social,983498,511200,3648.9,2556,94,1,1981.0,2021-02-01,0.005,0.0003912363067292645,-0.4570966592671764
8,2021-02-01,facebook_retargeting,social,4387490,5544,1293.55,148,3,1,4981.0,2021-02-01,0.026695526695526696,0.006756756756756757,2.85064357775115
9,2021-02-01,facebook_lal,social,544756,56916,16997.8,596,14,2,4162.0,2021-02-01,0.010471572141401363,0.003355704697986577,-0.7551447834425632
10,2021-02-01,instagram_blogger,influencer,374754,120436,23604.1,1498,49,7,39081.0,2021-02-01,0.012438141419509116,0.004672897196261682,0.655686935744214
11,2021-02-01,banner_partner,media,39889,20900000,931.99,2090,3,0,0.0,2021-02-01,0.0001,0.0,-1.0
12,2021-02-02,facebook_tier1,social,349043,478200,18385.3,2391,48,4,17812.0,2021-02-02,0.005,0.001672940192388122,-0.031182520818262376
13,2021-02-02,facebOOK_tier2,social,348934,957806,2198.05,3294,10,0,0.0,2021-02-02,0.0034391097988527948,0.0,-1.0
14,2021-02-02,google_hot,search,89459845,43806,11446.7,907,18,3,23943.0,2021-02-02,0.020704926265808336,0.0033076074972436605,1.0916945495208226
15,2021-02-02,google_wide,search,127823,314704,15153.6,2395,39,4,12540.0,2021-02-02,0.0076103258935380546,0.0016701461377870565,-0.17247386759581884
16,2021-02-02,youtube_blogger,influencer,10934,449200,42301.1,4492,85,17,149141.0,2021-02-02,0.01,0.003784505788067676,2.5257002772977533
17,2021-02-02,instagram_tier1,social,9034945,540200,29081.1,2701,54,9,45585.0,2021-02-02,0.005,0.0033320992225101815,0.5675129207629699
18,2021-02-02,instagram_tier2,social,983498,1020800,1421.34,5104,14,0,0.0,2021-02-02,0.005,0.0,-1.0
19,2021-02-02,facebook_retargeting,social,4387490,10033,169.75,301,0,0,0.0,2021-02-02,0.03000099671085418,0.0,-1.0
20,2021-02-02,facebook_lal,social,544756,107553,8829.07,1196,7,1,1129.0,2021-02-02,0.011120098927970397,0.0008361204013377926,-0.8721269624094043
21,2021-02-02,instagram_blogger,influencer,374754,299600,13919.1,2996,19,3,14466.0,2021-02-02,0.01,0.0010013351134846463,0.0392913334913895
22,2021-02-02,banner_partner,media,39889,42000000,46159.8,4200,92,13,51753.0,2021-02-02,0.0001,0.0030952380952380953,0.12117036902239604
23,2021-02-03,facebook_tier1,social,349043,2313889,65284.4,7197,115,13,72527.0,2021-02-03,0.003110347989899256,0.0018063081839655411,0.11093921365594228
24,2021-02-03,facebOOK_tier2,social,348934,1105666,78958.3,9898,226,12,59772.0,2021-02-03,0.008952070516774505,0.0012123661345726409,-0.24299282026082125
25,2021-02-03,google_hot,search,89459845,134900,77345.5,2698,84,16,115856.0,2021-02-03,0.02,0.005930318754633061,0.49790226968601925
26,2021-02-03,google_wide,search,127823,4371854,49498.9,7207,144,13,38753.0,2021-02-03,0.0016484996982973356,0.001803801859303455,-0.21709371319362655
27,2021-02-03,youtube_blogger,influencer,10934,1035261,189341.0,13503,455,91,772499.0,2021-02-03,0.013043087685134474,0.00673924313115604,3.079935143471303
28,2021-02-03,instagram_tier1,social,9034945,1618600,62509.8,8093,166,15,84600.0,2021-02-03,0.005,0.0018534536018781664,0.35338778879471694
29,2021-02-03,instagram_tier2,social,983498,3059600,94399.9,15298,592,36,104184.0,2021-02-03,0.005,0.002353248790691594,0.10364523691232731
30,2021-02-03,facebook_retargeting,social,4387490,29867,5039.51,896,18,4,23560.0,2021-02-03,0.029999665182308233,0.004464285714285714,3.675057694101212
31,2021-02-03,facebook_lal,social,544756,295009,76716.4,3595,72,9,5607.0,2021-02-03,0.012186068899592895,0.0025034770514603616,-0.9269126288511974
32,2021-02-03,instagram_blogger,influencer,374754,667352,194336.0,8996,342,51,254031.0,2021-02-03,0.01348014241359882,0.005669186305024455,0.3071741725671003
33,2021-02-03,banner_partner,media,39889,125910000,29378.3,12591,68,13,51753.0,2021-02-03,0.0001,0.001032483519974585,0.7616063557115286
34,2021-02-04,facebook_tier1,social,349043,2475754,173914.0,9601,192,31,154411.0,2021-02-04,0.003878010497004145,0.00322883033017394,-0.11214163322101728
35,2021-02-04,facebOOK_tier2,social,348934,4597702,115389.0,13206,143,17,82909.0,2021-02-04,0.0028723044686236733,0.0012872936543995154,-0.2814826369931276
36,2021-02-04,google_hot,search,89459845,196484,41269.6,3599,55,9,68589.0,2021-02-04,0.018317013090124387,0.0025006946373992774,0.6619739469246129
37,2021-02-04,google_wide,search,127823,1531679,60108.8,9591,234,17,58990.0,2021-02-04,0.006261755890104911,0.0017724950474403086,-0.018612915247018788
38,2021-02-04,youtube_blogger,influencer,10934,2120555,185263.0,17993,445,89,624958.0,2021-02-04,0.00848504283076836,0.00494636803201245,2.373355715928167
39,2021-02-04,instagram_tier1,social,9034945,1322751,104028.0,10794,238,27,179037.0,2021-02-04,0.008160265991104901,0.0025013896609227346,0.7210462567770216
40,2021-02-04,instagram_tier2,social,983498,3008227,40119.2,20392,408,12,23772.0,2021-02-04,0.006778743758366639,0.0005884660651235779,-0.40746575205886454
41,2021-02-04,facebook_retargeting,social,4387490,43160,885.75,1194,4,1,5287.0,2021-02-04,0.027664504170528268,0.0008375209380234506,4.968952864803838
42,2021-02-04,facebook_lal,social,544756,432611,120335.0,4807,71,13,6864.0,2021-02-04,0.011111599104044974,0.0027043894320782193,-0.9429592387917065
43,2021-02-04,instagram_blogger,influencer,374754,1199300,149279.0,11993,267,38,224542.0,2021-02-04,0.01,0.003168514967064121,0.5041767428774309
44,2021-02-04,banner_partner,media,39889,41924802,177746.0,16806,336,60,204540.0,2021-02-04,0.0004008605693593973,0.003570153516601214,0.15074319534616812
45,2021-02-05,facebook_tier1,social,349043,3462883,90691.7,11997,143,17,84677.0,2021-02-05,0.0034644543289507617,0.001417020921897141,-0.06632029171357465
46,2021-02-05,facebOOK_tier2,social,348934,3299600,261047.0,16498,330,42,209202.0,2021-02-05,0.005,0.002545763122802764,-0.19860408278968922
47,2021-02-05,google_hot,search,89459845,236719,96930.6,4504,151,23,177882.0,2021-02-05,0.01902677858558037,0.005106571936056839,0.8351480337478566
48,2021-02-05,google_wide,search,127823,9914040,56875.2,11993,139,14,49644.0,2021-02-05,0.0012096985688982494,0.0011673476194446761,-0.1271415309308802
49,2021-02-05,youtube_blogger,influencer,10934,1965108,442617.0,22507,731,146,1165230.0,2021-02-05,0.011453314525206757,0.006486870751321811,1.6325920604043676
50,2021-02-05,instagram_tier1,social,9034945,7485780,258306.0,13498,526,76,454556.0,2021-02-05,0.0018031521097333879,0.005630463772410728,0.7597578066324437
51,2021-02-05,instagram_tier2,social,983498,5100600,13588.8,25503,765,4,7924.0,2021-02-05,0.005,0.0001568442928282947,-0.41687271870952547
52,2021-02-05,facebook_retargeting,social,4387490,48954,6790.74,1505,30,5,27060.0,2021-02-05,0.030743146627446174,0.0033222591362126247,2.9848381766935566
53,2021-02-05,facebook_lal,social,544756,600400,192789.0,6004,120,21,9492.0,2021-02-05,0.01,0.0034976682211858763,-0.9507648257940028
54,2021-02-05,instagram_blogger,influencer,374754,2153303,36431.7,15003,51,8,47816.0,2021-02-05,0.006967435609387067,0.0005332266879957342,0.3124833592722822
55,2021-02-05,banner_partner,media,39889,8238872,427922.0,20997,796,119,471240.0,2021-02-05,0.0025485284878803798,0.005667476306138972,0.10122872860007198
56,2021-02-06,facebook_tier1,social,349043,310024,40407.9,2391,76,9,46152.0,2021-02-06,0.007712306144040461,0.0037641154328732747,0.1421528958446244
57,2021-02-06,facebOOK_tier2,social,348934,448321,62272.6,3302,108,9,44829.0,2021-02-06,0.007365258375137457,0.0027256208358570565,-0.28011677688100384
58,2021-02-06,google_hot,search,89459845,44950,6768.87,899,13,1,8136.0,2021-02-06,0.02,0.0011123470522803114,0.20197315061450435
59,2021-02-06,google_wide,search,127823,478400,22542.0,2392,48,6,13152.0,2021-02-06,0.005,0.002508361204013378,-0.4165557625765238
60,2021-02-06,youtube_blogger,influencer,10934,472252,80971.4,4508,133,27,215487.0,2021-02-06,0.009545750997348872,0.005989352262644188,1.6612729926863068
61,2021-02-06,instagram_tier1,social,9034945,425467,3661.53,2695,14,1,5958.0,2021-02-06,0.00633421628469423,0.00037105751391465676,0.6271886342594488
62,2021-02-06,instagram_tier2,social,983498,1589341,12183.4,5092,102,5,12295.0,2021-02-06,0.003203843605620191,0.0009819324430479183,0.009160004596418107
63,2021-02-06,facebook_retargeting,social,4387490,10200,1420.15,306,6,1,5492.0,2021-02-06,0.03,0.0032679738562091504,2.8671971270640424
64,2021-02-06,facebook_lal,social,544756,119700,29281.0,1197,24,4,6428.0,2021-02-06,0.01,0.003341687552213868,-0.7804719784160377
65,2021-02-06,instagram_blogger,influencer,374754,300700,8289.21,3007,20,2,9450.0,2021-02-06,0.01,0.0006651147322913202,0.1400362640106839
66,2021-02-06,banner_partner,media,39889,42070000,38185.2,4207,84,10,48820.0,2021-02-06,0.0001,0.002376990729736154,0.27850580853314905
67,2021-02-07,facebook_tier1,social,349043,478000,27314.4,2390,45,5,24905.0,2021-02-07,0.005,0.0020920502092050207,-0.0882098819670211
68,2021-02-07,facebOOK_tier2,social,348934,659000,38485.6,3295,66,5,23735.0,2021-02-07,0.005,0.0015174506828528073,-0.38327582264535304
69,2021-02-07,google_hot,search,89459845,44650,6426.0,893,18,2,14152.0,2021-02-07,0.02,0.0022396416573348264,1.202303143479614
70,2021-02-07,google_wide,search,127823,1137473,18102.1,2404,48,5,17845.0,2021-02-07,0.0021134567589736197,0.0020798668885191347,-0.014202772054070995
71,2021-02-07,youtube_blogger,influencer,10934,694624,31680.1,4505,82,15,119715.0,2021-02-07,0.0064855231031464506,0.003329633740288568,2.7788706475042693
72,2021-02-07,instagram_tier1,social,9034945,1246126,37965.9,2696,100,11,65791.0,2021-02-07,0.0021635051351147475,0.004080118694362018,0.7328971524446938
73,2021-02-07,instagram_tier2,social,983498,567096,6747.94,5103,199,2,3962.0,2021-02-07,0.008998476448432012,0.0003919263178522438,-0.41285784995124436
74,2021-02-07,facebook_retargeting,social,4387490,9938,3435.44,294,6,1,4981.0,2021-02-07,0.029583417186556653,0.003401360544217687,0.4498870595906201
75,2021-02-07,facebook_lal,social,544756,174221,10104.9,1197,6,1,981.0,2021-02-07,0.006870583913535107,0.000835421888053467,-0.9029183861295015
76,2021-02-07,instagram_blogger,influencer,374754,300700,46167.6,3007,93,12,68076.0,2021-02-07,0.01,0.0039906883937479215,0.4745405869051023
77,2021-02-07,banner_partner,media,39889,3957603,79987.7,4203,142,27,90504.0,2021-02-07,0.0010620064720993996,0.006423982869379015,0.13147396412198378
78,2021-02-08,facebook_tier1,social,349043,479000,27210.4,2395,36,5,22345.0,2021-02-08,0.005,0.0020876826722338203,-0.17880663275806313
79,2021-02-08,facebOOK_tier2,social,348934,472656,33752.8,3290,66,5,28670.0,2021-02-08,0.006960664838698757,0.001519756838905775,-0.15058898817283314
80,2021-02-08,google_hot,search,89459845,51350,6918.85,904,20,2,16240.0,2021-02-08,0.017604673807205453,0.0022123893805309734,1.347210880420879
81,2021-02-08,google_wide,search,127823,478000,16567.5,2390,48,5,16995.0,2021-02-08,0.005,0.0020920502092050207,0.025803531009506563
82,2021-02-08,youtube_blogger,influencer,10934,685530,33892.6,4491,79,16,120176.0,2021-02-08,0.006551135617697256,0.0035626809173903364,2.5457887562476764
83,2021-02-08,instagram_tier1,social,9034945,472836,330.76,2690,1,0,0.0,2021-02-08,0.005689076127875204,0.0,-1.0
84,2021-02-08,instagram_tier2,social,983498,1020000,2057.3,5100,102,1,1981.0,2021-02-08,0.005,0.000196078431372549,-0.03708744470908481
85,2021-02-08,facebook_retargeting,social,4387490,10067,4336.04,302,10,2,10036.0,2021-02-08,0.02999900665540876,0.006622516556291391,1.3145542937795778
86,2021-02-08,facebook_lal,social,544756,120200,40099.0,1202,24,5,4905.0,2021-02-08,0.01,0.004159733777038269,-0.8776777475747525
87,2021-02-08,instagram_blogger,influencer,374754,361650,31154.3,2991,60,9,45027.0,2021-02-08,0.008270427208627126,0.003009027081243731,0.44529005626831614
88,2021-02-08,banner_partner,media,39889,2233790,31883.9,4197,84,10,42280.0,2021-02-08,0.0018788695445856594,0.002382654276864427,0.3260611154846176
89,2021-02-09,facebook_tier1,social,349043,478600,49036.5,2393,68,9,42813.0,2021-02-09,0.005,0.0037609694943585457,-0.1269156648618886
90,2021-02-09,facebOOK_tier2,social,348934,555116,62119.4,3303,96,11,54791.0,2021-02-09,0.005950107725232204,0.003330305782621859,-0.11797280720676634
91,2021-02-09,google_hot,search,89459845,44900,3095.21,898,5,1,7998.0,2021-02-09,0.02,0.0011135857461024498,1.583992685472068
92,2021-02-09,google_wide,search,127823,478600,20299.3,2393,48,5,14905.0,2021-02-09,0.005,0.002089427496865859,-0.2657382274265615
93,2021-02-09,youtube_blogger,influencer,10934,491821,27833.0,4495,90,18,143658.0,2021-02-09,0.009139504006538965,0.004004449388209121,4.161427082959078
94,2021-02-09,instagram_tier1,social,9034945,759532,10317.0,2701,19,3,19800.0,2021-02-09,0.0035561372002759595,0.0011106997408367272,0.9191625472521082
95,2021-02-09,instagram_tier2,social,983498,1022000,7398.26,5110,102,3,5943.0,2021-02-09,0.005,0.0005870841487279843,-0.19670300854525255
96,2021-02-09,facebook_retargeting,social,4387490,9721,2152.37,290,6,1,4353.0,2021-02-09,0.029832321777594897,0.0034482758620689655,1.0224217955091366
97,2021-02-09,facebook_lal,social,544756,189854,29091.4,1198,24,3,2943.0,2021-02-09,0.006310111980785235,0.0025041736227045075,-0.8988360821411139
98,2021-02-09,instagram_blogger,influencer,374754,346068,57642.4,3006,99,15,89460.0,2021-02-09,0.008686154166233227,0.00499001996007984,0.5519825683871594
99,2021-02-09,banner_partner,media,39889,3736884,44731.7,4190,84,13,51259.0,2021-02-09,0.001121255034943552,0.0031026252983293555,0.14592112528698895
100,2021-02-10,facebook_tier1,social,349043,961800,43386.4,4809,96,8,42400.0,2021-02-10,0.005,0.0016635475150758993,-0.022735235004517577
101,2021-02-10,facebOOK_tier2,social,348934,852250,43865.9,6596,132,7,34867.0,2021-02-10,0.007739513053681432,0.001061249241964827,-0.20514568263731056
102,2021-02-10,google_hot,search,89459845,108748,51883.1,1797,57,11,86724.0,2021-02-10,0.016524441828815243,0.006121313299944352,0.6715269519361796
103,2021-02-10,google_wide,search,127823,797238,67577.8,4797,154,19,42598.0,2021-02-10,0.006017023774581743,0.003960808838857619,-0.3696450609519695
104,2021-02-10,youtube_blogger,influencer,10934,1469962,19831.4,8998,80,16,130768.0,2021-02-10,0.006121246671682669,0.0017781729273171815,5.593987313049003
105,2021-02-10,instagram_tier1,social,9034945,3858193,38890.3,5406,186,14,83734.0,2021-02-10,0.0014011740729403636,0.002589715131335553,1.1530818738862902
106,2021-02-10,instagram_tier2,social,983498,2040000,14147.9,10200,395,4,7924.0,2021-02-10,0.005,0.000392156862745098,-0.43991687812325503
107,2021-02-10,facebook_retargeting,social,4387490,18399,12713.0,599,22,5,27065.0,2021-02-10,0.032556117180281535,0.008347245409015025,1.1289231495319751
108,2021-02-10,facebook_lal,social,544756,321713,131236.0,2396,88,15,14715.0,2021-02-10,0.007447631895509351,0.006260434056761269,-0.8878737541528239
109,2021-02-10,instagram_blogger,influencer,374754,489728,126901.0,6005,187,34,143888.0,2021-02-10,0.012261908651332984,0.005661948376353039,0.13386025326829576
110,2021-02-10,banner_partner,media,39889,5219501,179519.0,8391,302,60,196680.0,2021-02-10,0.0016076249434572385,0.007150518412584912,0.0955943382037556
111,2021-02-11,facebook_tier1,social,349043,1061233,105681.0,7206,144,23,105225.0,2021-02-11,0.006790214778469949,0.003191784623924507,-0.004314872115138956
112,2021-02-11,facebOOK_tier2,social,348934,4564542,188516.0,9895,304,28,131068.0,2021-02-11,0.002167796900543362,0.002829711975745326,-0.30473805936896603
113,2021-02-11,google_hot,search,89459845,134600,26220.4,2692,54,6,48990.0,2021-02-11,0.02,0.002228826151560178,0.8683925493127488
114,2021-02-11,google_wide,search,127823,1254537,51422.5,7198,144,14,41986.0,2021-02-11,0.005737574898149676,0.001944984717977216,-0.18350916427633818
115,2021-02-11,youtube_blogger,influencer,10934,1210466,197161.0,13506,474,95,831820.0,2021-02-11,0.011157686378634344,0.007033910854435066,3.2189885423587827
116,2021-02-11,instagram_tier1,social,9034945,2224531,348.99,8106,1,0,0.0,2021-02-11,0.0036439141553882594,0.0,-1.0
117,2021-02-11,instagram_tier2,social,983498,3058200,4138.73,15291,114,1,2771.0,2021-02-11,0.005,6.539794650447976e-05,-0.33047094156903195
118,2021-02-11,facebook_retargeting,social,4387490,26774,17711.1,893,27,6,29886.0,2021-02-11,0.03335325315604691,0.006718924972004479,0.687416366007758
119,2021-02-11,facebook_lal,social,544756,359500,6171.15,3595,5,1,677.0,2021-02-11,0.01,0.0002781641168289291,-0.890295974008086
120,2021-02-11,instagram_blogger,influencer,374754,900400,128751.0,9004,227,29,143869.0,2021-02-11,0.01,0.0032207907596623724,0.11742044721982742
121,2021-02-11,banner_partner,media,39889,5125187,193124.0,12602,482,57,226917.0,2021-02-11,0.002458837111699534,0.004523091572766228,0.17498084132474473
122,2021-02-12,facebook_tier1,social,349043,1804868,110004.0,9607,192,23,96163.0,2021-02-12,0.005322826932495895,0.0023940876444259393,-0.12582269735645976
123,2021-02-12,facebOOK_tier2,social,348934,2639200,191722.0,13196,325,32,176512.0,2021-02-12,0.005,0.002424977265838133,-0.07933361846840738
124,2021-02-12,google_hot,search,89459845,161493,59745.3,3602,72,14,122710.0,2021-02-12,0.02230437232573548,0.003886729594669628,1.0538854102331061
125,2021-02-12,google_wide,search,127823,1502383,86733.1,9605,192,19,56639.0,2021-02-12,0.0063931767066054395,0.001978136387298282,-0.3469736467392495
126,2021-02-12,youtube_blogger,influencer,10934,1299708,121652.0,17994,378,61,486841.0,2021-02-12,0.013844648182514841,0.003390018895187285,3.001915299378555
127,2021-02-12,instagram_tier1,social,9034945,3735390,26659.9,10806,115,9,53523.0,2021-02-12,0.0028928706239509127,0.000832870627429206,1.007621934065769
128,2021-02-12,instagram_tier2,social,983498,7156880,49060.3,20391,408,15,29715.0,2021-02-12,0.0028491465554822772,0.0007356186552890981,-0.3943167897464957
129,2021-02-12,facebook_retargeting,social,4387490,42587,11278.3,1207,34,8,39848.0,2021-02-12,0.02834198229506657,0.006628003314001657,2.5331565927489073
130,2021-02-12,facebook_lal,social,544756,480000,44580.9,4800,33,5,6945.0,2021-02-12,0.01,0.0010416666666666667,-0.8442157964509465
131,2021-02-12,instagram_blogger,influencer,374754,1200300,308572.0,12003,412,79,393499.0,2021-02-12,0.01,0.006581687911355495,0.2752258792113348
132,2021-02-12,banner_partner,media,39889,10819771,145201.0,16808,336,49,195069.0,2021-02-12,0.0015534524714062802,0.0029152784388386485,0.3434411608735477
133,2021-02-13,facebook_tier1,social,349043,1496322,308692.0,11990,397,60,341880.0,2021-02-13,0.008012981163145366,0.0050041701417848205,0.10751169450455471
134,2021-02-13,facebOOK_tier2,social,348934,2358224,325444.0,16506,655,52,262184.0,2021-02-13,0.006999335092849534,0.003150369562583303,-0.19438060004178906
135,2021-02-13,google_hot,search,89459845,225350,61588.1,4507,100,17,152660.0,2021-02-13,0.02,0.0037719103616596404,1.4787255979645417
136,2021-02-13,google_wide,search,127823,3452027,216562.0,12010,378,56,123088.0,2021-02-13,0.0034791153139879846,0.00466278101582015,-0.4316269705673202
137,2021-02-13,youtube_blogger,influencer,10934,2250900,205045.0,22509,790,158,1296550.0,2021-02-13,0.01,0.007019414456439646,5.3232461167060885
138,2021-02-13,instagram_tier1,social,9034945,2698200,88844.8,13491,219,26,176384.0,2021-02-13,0.005,0.0019272107330813135,0.9853047111367238
139,2021-02-13,instagram_tier2,social,983498,5100600,16656.8,25503,510,6,10134.0,2021-02-13,0.005,0.00023526643924244207,-0.3915998270976418
140,2021-02-13,facebook_retargeting,social,4387490,50333,8367.08,1510,19,4,18828.0,2021-02-13,0.030000198676812428,0.0026490066225165563,1.2502473981365063
141,2021-02-13,facebook_lal,social,544756,495013,171332.0,6006,128,19,24035.0,2021-02-13,0.01213301468850313,0.0031635031635031635,-0.8597168071346859
142,2021-02-13,instagram_blogger,influencer,374754,1499200,32770.1,14992,50,8,43976.0,2021-02-13,0.01,0.0005336179295624333,0.34195501386935045
143,2021-02-13,banner_partner,media,39889,17890507,390105.0,20993,734,118,353174.0,2021-02-13,0.001173415599680881,0.0056209212594674415,-0.09466938388382615
144,2021-02-14,facebook_tier1,social,349043,2452315,60244.9,14406,110,14,63560.0,2021-02-14,0.005874449244897169,0.0009718172983479105,0.05502706453160348
145,2021-02-14,facebOOK_tier2,social,348934,7936534,197948.0,19797,396,30,149430.0,2021-02-14,0.0024944138083450532,0.0015153811183512653,-0.2451047749914119
146,2021-02-14,google_hot,search,89459845,263754,56440.3,5409,90,11,84183.0,2021-02-14,0.020507745854091312,0.0020336476243298205,0.49154061902576696
147,2021-02-14,google_wide,search,127823,3111389,196998.0,14390,498,48,101280.0,2021-02-14,0.004624944036248762,0.0033356497567755385,-0.48588310541223767
148,2021-02-14,youtube_blogger,influencer,10934,2511956,231751.0,26993,540,85,733550.0,2021-02-14,0.010745809241881626,0.0031489645463638723,2.165250635380214
149,2021-02-14,instagram_tier1,social,9034945,3239400,312844.0,16197,604,72,377352.0,2021-02-14,0.005,0.004445267642155954,0.20619861656288757
150,2021-02-14,instagram_tier2,social,983498,5130500,218228.0,30602,935,54,119718.0,2021-02-14,0.005964720787447617,0.0017645905496372785,-0.45140861850908226
151,2021-02-14,facebook_retargeting,social,4387490,55495,4764.34,1790,10,2,10902.0,2021-02-14,0.03225515812235336,0.0011173184357541898,1.2882497890578757
152,2021-02-14,facebook_lal,social,544756,605220,170719.0,7205,142,21,14280.0,2021-02-14,0.011904761904761904,0.002914642609299098,-0.916353774330918
153,2021-02-14,instagram_blogger,influencer,374754,2429465,205870.0,17998,354,53,306817.0,2021-02-14,0.0074082153889848176,0.002944771641293477,0.49034342060523634
154,2021-02-14,banner_partner,media,39889,7218480,225274.0,25190,504,76,236056.0,2021-02-14,0.0034896543316598506,0.003017070265978563,0.0478617150669851
155,2021-02-15,facebook_tier1,social,349043,3361800,168064.0,16809,247,30,149430.0,2021-02-15,0.005,0.001784758165268606,-0.11087442878903275
156,2021-02-15,facebOOK_tier2,social,348934,3441545,593576.0,23103,694,81,403461.0,2021-02-15,0.006712973388405498,0.003506038176860148,-0.32028754531854386
157,2021-02-15,google_hot,search,89459845,315350,82930.7,6307,126,19,138073.0,2021-02-15,0.02,0.0030125257650229905,0.6649202285763898
158,2021-02-15,google_wide,search,127823,3359600,124854.0,16798,336,31,92411.0,2021-02-15,0.005,0.0018454577925943565,-0.2598475018821984
159,2021-02-15,youtube_blogger,influencer,10934,2478877,151480.0,31504,630,98,782138.0,2021-02-15,0.012708980719898568,0.003110716099542915,4.163308687615527
160,2021-02-15,instagram_tier1,social,9034945,3780200,136269.0,18901,378,45,269145.0,2021-02-15,0.005,0.0023808264113009893,0.9751007198996103
161,2021-02-15,instagram_tier2,social,983498,7138400,37098.6,35692,916,11,21791.0,2021-02-15,0.005,0.0003081923120026897,-0.41261934412619344
162,2021-02-15,facebook_retargeting,social,4387490,63986,14609.5,2099,28,5,24905.0,2021-02-15,0.03280405088613134,0.0023820867079561697,0.7047126869502721
163,2021-02-15,facebook_lal,social,544756,1093435,6587.76,8402,4,1,741.0,2021-02-15,0.007684041575402287,0.00011901928112354201,-0.8875186709898357
164,2021-02-15,instagram_blogger,influencer,374754,2100700,82452.0,21007,122,24,103392.0,2021-02-15,0.01,0.0011424763174180035,0.25396594382186
165,2021-02-15,banner_partner,media,39889,8747458,543275.0,29390,1061,171,809685.0,2021-02-15,0.0033598332224058693,0.005818305546104117,0.4903778012976853
166,2021-02-16,facebook_tier1,social,349043,3839000,393027.0,19195,384,64,336448.0,2021-02-16,0.005,0.0033342016150039074,-0.14395703094189458
167,2021-02-16,facebOOK_tier2,social,348934,5280000,595176.0,26400,923,80,392160.0,2021-02-16,0.005,0.0030303030303030303,-0.34110246380902454
168,2021-02-16,google_hot,search,89459845,373184,102053.0,7198,144,22,185482.0,2021-02-16,0.019288072371805864,0.0030564045568213394,0.8175065897131882
169,2021-02-16,google_wide,search,127823,3841400,271906.0,19207,666,67,199727.0,2021-02-16,0.005,0.0034883115530796064,-0.26545570895824294
170,2021-02-16,youtube_blogger,influencer,10934,4371118,221258.0,35999,720,128,1021570.0,2021-02-16,0.008235650467454779,0.0035556543237312147,3.617098590785418
171,2021-02-16,instagram_tier1,social,9034945,4319200,143680.0,21596,432,34,171972.0,2021-02-16,0.005,0.0015743656232635674,0.1969097995545657
172,2021-02-16,instagram_tier2,social,983498,15988504,103731.0,40794,816,24,41424.0,2021-02-16,0.0025514582227330338,0.0005883218120311811,-0.6006593978656333
173,2021-02-16,facebook_retargeting,social,4387490,80233,31712.0,2407,48,12,59772.0,2021-02-16,0.03000012463699475,0.004985459077690071,0.8848385469223007
174,2021-02-16,facebook_lal,social,544756,1576818,345629.0,9597,292,39,25857.0,2021-02-16,0.006086307994962006,0.004063769928102532,-0.9251885692462148
175,2021-02-16,instagram_blogger,influencer,374754,3937010,620903.0,23994,833,160,939360.0,2021-02-16,0.006094472708984737,0.0066683337501041925,0.512893318279989
176,2021-02-16,banner_partner,media,39889,56876855,206424.0,33592,416,62,246822.0,2021-02-16,0.000590609308478818,0.0018456775422719695,0.19570398790838275
177,2021-02-17,facebook_tier1,social,349043,4320600,489831.0,21603,652,86,428366.0,2021-02-17,0.005,0.00398092857473499,-0.12548205401454787
178,2021-02-17,facebOOK_tier2,social,348934,6102420,403691.0,29704,594,61,303841.0,2021-02-17,0.004867577125140518,0.002053595475356854,-0.24734264573646675
179,2021-02-17,google_hot,search,89459845,490058,116213.0,8104,162,31,227726.0,2021-02-17,0.01653681809091985,0.0038252714708785786,0.9595570202989339
180,2021-02-17,google_wide,search,127823,4319200,180223.0,21596,442,44,136708.0,2021-02-17,0.005,0.002037414335988146,-0.2414508692009344
181,2021-02-17,youtube_blogger,influencer,10934,4049400,363811.0,40494,746,149,1189170.0,2021-02-17,0.01,0.003679557465303502,2.268647731926742
182,2021-02-17,instagram_tier1,social,9034945,4999407,246023.0,24294,606,73,496546.0,2021-02-17,0.004859376322031793,0.0030048571663785295,1.0182909727952265
183,2021-02-17,instagram_tier2,social,983498,32964848,162819.0,45907,974,46,121900.0,2021-02-17,0.0013926046314546938,0.0010020258348400026,-0.25131587836800373
184,2021-02-17,facebook_retargeting,social,4387490,84332,31422.5,2698,54,11,45441.0,2021-02-17,0.03199260067352844,0.00407709414381023,0.4461293659002307
185,2021-02-17,facebook_lal,social,544756,1361187,291254.0,10810,216,32,31392.0,2021-02-17,0.007941598031717905,0.0029602220166512487,-0.8922177892835806
186,2021-02-17,instagram_blogger,influencer,374754,2795511,462606.0,26990,795,119,592739.0,2021-02-17,0.009654764370449624,0.004409040385327899,0.2813041767724586
187,2021-02-17,banner_partner,media,39889,16553044,523398.0,37805,756,142,565302.0,2021-02-17,0.002283869963735975,0.003756116915751885,0.08006144463677736
188,2021-02-18,facebook_tier1,social,349043,4798200,30892.2,23991,61,6,25686.0,2021-02-18,0.005,0.00025009378516943853,-0.16852797793617807
189,2021-02-18,facebOOK_tier2,social,348934,4678356,373294.0,33003,1313,51,237711.0,2021-02-18,0.007054401161433632,0.0015453140623579674,-0.3632070164535192
190,2021-02-18,google_hot,search,89459845,527210,119542.0,9004,162,28,214368.0,2021-02-18,0.01707858348665617,0.003109729009329187,0.7932442154221947
191,2021-02-18,google_wide,search,127823,10593685,200986.0,24005,480,43,93353.0,2021-02-18,0.0022659726053776376,0.0017912934805248907,-0.5355248624282288
192,2021-02-18,youtube_blogger,influencer,10934,4064081,86522.9,45004,144,31,256897.0,2021-02-18,0.01107359818861878,0.0006888276597635766,1.9691214695762627
193,2021-02-18,instagram_tier1,social,9034945,11212959,241388.0,27009,599,72,430632.0,2021-02-18,0.002408730826537402,0.0026657780739753416,0.7839826337680414
194,2021-02-18,instagram_tier2,social,983498,13281923,58596.4,51000,1020,16,36016.0,2021-02-18,0.0038398054257655313,0.00031372549019607844,-0.38535473169000145
195,2021-02-18,facebook_retargeting,social,4387490,97885,17176.7,2991,28,6,33930.0,2021-02-18,0.030556265004852635,0.0020060180541624875,0.9753503292250548
196,2021-02-18,facebook_lal,social,544756,1181224,171831.0,11991,128,19,17917.0,2021-02-18,0.010151334547892694,0.0015845217246268034,-0.8957289429730375
197,2021-02-18,instagram_blogger,influencer,374754,2482796,518530.0,30000,1032,134,796630.0,2021-02-18,0.012083151414775922,0.0044666666666666665,0.5363238385435751
198,2021-02-18,banner_partner,media,39889,419970000,339735.0,41997,840,114,516420.0,2021-02-18,0.0001,0.0027144796056861203,0.5200671111307342
199,2021-02-19,facebook_tier1,social,349043,15345139,53253.9,26407,71,10,44550.0,2021-02-19,0.0017208706939702534,0.0003786874692316431,-0.16344155075966268
200,2021-02-19,facebOOK_tier2,social,348934,7260800,415376.0,36304,726,58,288898.0,2021-02-19,0.005,0.0015976200969590128,-0.30449038943029927
201,2021-02-19,google_hot,search,89459845,413291,9777.55,9904,14,2,15962.0,2021-02-19,0.02396374467384966,0.00020193861066235866,0.6325153029133066
202,2021-02-19,google_wide,search,127823,8455475,81623.5,26406,281,20,72300.0,2021-02-19,0.003122946966314725,0.0007574036203893055,-0.11422568255465644
203,2021-02-19,youtube_blogger,influencer,10934,3801165,880357.0,49510,1666,369,2812520.0,2021-02-19,0.013024954191675446,0.007453039789941426,2.1947494027990917
204,2021-02-19,instagram_tier1,social,9034945,6168252,300775.0,29699,1082,96,574176.0,2021-02-19,0.004814816255885784,0.0032324320684198123,0.9089884465131743
205,2021-02-19,instagram_tier2,social,983498,11222000,9908.98,56110,185,3,3621.0,2021-02-19,0.005,5.346640527535199e-05,-0.6345738915609881
206,2021-02-19,facebook_retargeting,social,4387490,115166,3173.41,3297,7,1,5199.0,2021-02-19,0.028628240973898548,0.00030330603579011223,0.6383007553388942
207,2021-02-19,facebook_lal,social,544756,1320200,440355.0,13202,264,45,80325.0,2021-02-19,0.01,0.0034085744584153917,-0.8175903532377287
208,2021-02-19,instagram_blogger,influencer,374754,3299900,404285.0,32999,694,104,519272.0,2021-02-19,0.01,0.0031516106548683293,0.28442064385272764
209,2021-02-19,banner_partner,media,39889,19065489,492126.0,46209,924,139,556417.0,2021-02-19,0.0024236986525758663,0.003008072020602047,0.13063930781954214
210,2021-02-20,facebook_tier1,social,349043,9916906,56874.2,28796,88,12,59772.0,2021-02-20,0.0029037282394327422,0.00041672454507570494,0.05095104634438819
211,2021-02-20,facebOOK_tier2,social,348934,7918600,455831.0,39593,853,68,387124.0,2021-02-20,0.005,0.0017174753112924003,-0.15072910793693275
212,2021-02-20,google_hot,search,89459845,540450,190469.0,10809,359,47,365378.0,2021-02-20,0.02,0.004348228328244981,0.9183069160860823
213,2021-02-20,google_wide,search,127823,5762000,435770.0,28810,732,96,253440.0,2021-02-20,0.005,0.0033321763276640054,-0.41840879362966704
214,2021-02-20,youtube_blogger,influencer,10934,5399300,303860.0,53993,1094,182,1452540.0,2021-02-20,0.01,0.003370807326875706,3.7802935562430067
215,2021-02-20,instagram_tier1,social,9034945,7669421,404737.0,32395,1003,139,847066.0,2021-02-20,0.004223917294408535,0.004290785615064053,1.0928800677971127
216,2021-02-20,instagram_tier2,social,983498,12239000,150065.0,61195,1224,48,73392.0,2021-02-20,0.005,0.0007843778086444971,-0.5109319294972179
217,2021-02-20,facebook_retargeting,social,4387490,111784,73587.5,3594,116,24,119544.0,2021-02-20,0.0321512917769985,0.00667779632721202,0.6245150331238322
218,2021-02-20,facebook_lal,social,544756,1118531,173041.0,14399,113,18,17658.0,2021-02-20,0.012873134495154806,0.0012500868115841379,-0.8979548199559642
219,2021-02-20,instagram_blogger,influencer,374754,5497354,504576.0,35994,822,137,682397.0,2021-02-20,0.0065475135856268305,0.0038061899205423127,0.35241668252156266
220,2021-02-20,banner_partner,media,39889,26012342,750361.0,50408,1678,252,1003210.0,2021-02-20,0.0019378493485899886,0.004999206475162672,0.3369698052004302
221,2021-02-21,facebook_tier1,social,349043,478600,38596.7,2393,66,7,31094.0,2021-02-21,0.005,0.0029251984956122023,-0.1943870849062225
222,2021-02-21,facebOOK_tier2,social,348934,543787,39481.0,3299,113,6,29538.0,2021-02-21,0.006066713621325997,0.0018187329493785996,-0.2518426584939591
223,2021-02-21,google_hot,search,89459845,49655,9444.12,907,18,2,15962.0,2021-02-21,0.018266035645957104,0.002205071664829107,0.690152179345455
224,2021-02-21,google_wide,search,127823,478400,17476.2,2392,48,5,12910.0,2021-02-21,0.005,0.0020903010033444815,-0.26128105652258504
225,2021-02-21,youtube_blogger,influencer,10934,713896,30801.0,4507,90,20,159620.0,2021-02-21,0.006313244506202584,0.004437541601952518,4.182299275997533
226,2021-02-21,instagram_tier1,social,9034945,555915,29457.5,2709,60,10,55540.0,2021-02-21,0.004873047138501389,0.0036913990402362494,0.8854281592124247
227,2021-02-21,instagram_tier2,social,983498,781353,12503.5,5104,102,4,7924.0,2021-02-21,0.006532258787001522,0.0007836990595611285,-0.3662574479145839
228,2021-02-21,facebook_retargeting,social,4387490,10812,1555.96,296,3,1,3993.0,2021-02-21,0.02737698853126156,0.0033783783783783786,1.5662613434792667
229,2021-02-21,facebook_lal,social,544756,119400,32169.9,1194,24,4,3924.0,2021-02-21,0.01,0.0033500837520938024,-0.8780226236326504
230,2021-02-21,instagram_blogger,influencer,374754,300900,65006.3,3009,89,17,84677.0,2021-02-21,0.01,0.005649717514124294,0.30259682523078524
231,2021-02-21,banner_partner,media,39889,42080000,25023.2,4208,67,10,31710.0,2021-02-21,0.0001,0.002376425855513308,0.2672240161130471
232,2021-02-22,facebook_tier1,social,349043,605386,59710.0,4802,96,12,67632.0,2021-02-22,0.007932129253071594,0.0024989587671803417,0.13267459387037348
233,2021-02-22,facebOOK_tier2,social,348934,2090371,95536.2,6606,132,14,69734.0,2021-02-22,0.003160204576125482,0.002119285498032092,-0.27007772969827143
234,2021-02-22,google_hot,search,89459845,90500,30645.4,1810,65,7,59045.0,2021-02-22,0.02,0.0038674033149171273,0.9267165708393429
235,2021-02-22,google_wide,search,127823,959600,12348.3,4798,39,4,11924.0,2021-02-22,0.005,0.0008336807002917883,-0.03436100515860477
236,2021-02-22,youtube_blogger,influencer,10934,757387,77803.8,8997,180,42,359394.0,2021-02-22,0.011878999771583087,0.004668222740913638,3.6192345361023497
237,2021-02-22,instagram_tier1,social,9034945,4565811,33474.7,5397,108,9,53829.0,2021-02-22,0.0011820463002082215,0.0016675931072818232,0.608050258852208
238,2021-02-22,instagram_tier2,social,983498,2190892,19196.6,10202,124,7,14602.0,2021-02-22,0.004656550847782547,0.000686139972554401,-0.2393444672494087
239,2021-02-22,facebook_retargeting,social,4387490,17821,5792.48,598,12,3,12168.0,2021-02-22,0.03355591717636496,0.005016722408026756,1.1006546418805072
240,2021-02-22,facebook_lal,social,544756,239600,51783.3,2396,48,6,5886.0,2021-02-22,0.01,0.0025041736227045075,-0.8863340111580374
241,2021-02-22,instagram_blogger,influencer,374754,599700,137382.0,5997,236,35,158340.0,2021-02-22,0.01,0.005836251459062865,0.15255273616631
242,2021-02-22,banner_partner,media,39889,105873774,60021.6,8409,168,20,80600.0,2021-02-22,7.942476859283395e-05,0.0023784040908550364,0.34284990736668136
243,2021-02-23,facebook_tier1,social,349043,924525,9858.28,1203,28,2,9962.0,2021-02-23,0.0013012087288066846,0.0016625103906899418,0.010521105101498368
244,2021-02-23,facebOOK_tier2,social,348934,475992,19350.0,1641,37,3,12225.0,2021-02-23,0.0034475369333938385,0.0018281535648994515,-0.3682170542635659
245,2021-02-23,google_hot,search,89459845,22175,5409.21,442,9,2,15050.0,2021-02-23,0.019932356257046223,0.004524886877828055,1.782291683998218
246,2021-02-23,google_wide,search,127823,241000,12581.6,1205,24,3,8943.0,2021-02-23,0.005,0.0024896265560165973,-0.2892001017358683
247,2021-02-23,youtube_blogger,influencer,10934,297609,16343.0,2246,45,8,63848.0,2021-02-23,0.0075468147804669886,0.003561887800534283,2.906749066878786
248,2021-02-23,instagram_tier1,social,9034945,536236,557.25,1349,1,0,0.0,2021-02-23,0.0025156833931328742,0.0,-1.0
249,2021-02-23,instagram_tier2,social,983498,512000,4285.44,2560,51,2,2934.0,2021-02-23,0.005,0.00078125,-0.3153561827956989
250,2021-02-23,facebook_retargeting,social,4387490,4908,1238.09,155,3,1,5265.0,2021-02-23,0.03158109209453953,0.0064516129032258064,3.2525179914222715
251,2021-02-23,facebook_lal,social,544756,60800,16078.6,608,12,2,2720.0,2021-02-23,0.01,0.003289473684210526,-0.8308310425037005
252,2021-02-23,instagram_blogger,influencer,374754,117218,15435.0,1500,31,4,17816.0,2021-02-23,0.012796669453496903,0.0026666666666666666,0.15425979915775834
253,2021-02-23,banner_partner,media,39889,654544,16706.4,2099,42,6,23886.0,2021-02-23,0.0032068126818059596,0.0028585040495474035,0.42975147248958473
254,2021-02-24,facebook_tier1,social,349043,479596,94564.2,2408,93,15,81825.0,2021-02-24,0.005020892584592032,0.006229235880398671,-0.13471482865608758
255,2021-02-24,facebOOK_tier2,social,348934,395127,44347.2,3297,66,7,34867.0,2021-02-24,0.008344152639531088,0.0021231422505307855,-0.21377223364722006
256,2021-02-24,google_hot,search,89459845,45150,14306.2,903,18,3,23943.0,2021-02-24,0.02,0.0033222591362126247,0.673610043198054
257,2021-02-24,google_wide,search,127823,291441,22357.6,2408,52,5,19060.0,2021-02-24,0.008262392731290381,0.0020764119601328905,-0.14749346978208747
258,2021-02-24,youtube_blogger,influencer,10934,409320,22944.3,4508,65,14,111734.0,2021-02-24,0.011013388058242939,0.003105590062111801,3.8697933691592246
259,2021-02-24,instagram_tier1,social,9034945,869482,23908.4,2703,42,7,36456.0,2021-02-24,0.003108747507136433,0.002589715131335553,0.5248197286309413
260,2021-02-24,instagram_tier2,social,983498,624157,18675.0,5098,122,6,10590.0,2021-02-24,0.008167816751234064,0.0011769321302471558,-0.43293172690763054
261,2021-02-24,facebook_retargeting,social,4387490,8966,2857.1,297,6,1,4981.0,2021-02-24,0.03312513941556993,0.003367003367003367,0.7433761506422597
262,2021-02-24,facebook_lal,social,544756,148794,48796.6,1196,38,6,8178.0,2021-02-24,0.00803795851983279,0.005016722408026756,-0.8324063561805536
263,2021-02-24,instagram_blogger,influencer,374754,355802,42311.5,2990,60,9,44829.0,2021-02-24,0.008403550289205794,0.0030100334448160534,0.05949919052739799
264,2021-02-24,banner_partner,media,39889,2770687,34169.9,4205,84,16,63696.0,2021-02-24,0.0015176741364145427,0.0038049940546967895,0.8640967635257931
265,2021-02-25,facebook_tier1,social,349043,94600,11230.2,473,15,2,10104.0,2021-02-25,0.005,0.004228329809725159,-0.10028316503713208
266,2021-02-25,facebOOK_tier2,social,348934,131400,10357.0,657,13,2,9962.0,2021-02-25,0.005,0.0030441400304414,-0.03813845708216665
267,2021-02-25,google_hot,search,89459845,8750,1078.73,175,1,0,0.0,2021-02-25,0.02,0.0,-1.0
268,2021-02-25,google_wide,search,127823,61867,9472.22,487,19,2,5730.0,2021-02-25,0.007871724829068808,0.004106776180698152,-0.3950731718646737
269,2021-02-25,youtube_blogger,influencer,10934,94976,9034.91,904,22,5,38030.0,2021-02-25,0.009518194070080862,0.0055309734513274336,3.2092284261824413
270,2021-02-25,instagram_tier1,social,9034945,106000,2304.01,530,6,1,5981.0,2021-02-25,0.005,0.0018867924528301887,1.5959088719232988
271,2021-02-25,instagram_tier2,social,983498,115468,2059.03,1015,20,1,1981.0,2021-02-25,0.008790314199605085,0.0009852216748768472,-0.03789648523819478
272,2021-02-25,facebook_retargeting,social,4387490,2214,1487.47,66,3,1,4461.0,2021-02-25,0.02981029810298103,0.015151515151515152,1.9990520817226565
273,2021-02-25,facebook_lal,social,544756,25000,5871.29,250,5,1,981.0,2021-02-25,0.01,0.004,-0.8329157646786312
274,2021-02-25,instagram_blogger,influencer,374754,46753,6227.53,591,12,2,10130.0,2021-02-25,0.012640900049194704,0.00338409475465313,0.6266481253402232
275,2021-02-25,banner_partner,media,39889,2885291,7583.66,848,17,3,11943.0,2021-02-25,0.00029390449698141365,0.003537735849056604,0.574833259929902
276,2021-02-26,facebook_tier1,social,349043,168408,19887.7,1207,39,4,22488.0,2021-02-26,0.0071671179516412525,0.0033140016570008283,0.1307491565138251
277,2021-02-26,facebOOK_tier2,social,348934,438858,17935.4,1657,33,3,15345.0,2021-02-26,0.0037757087714021392,0.0018105009052504525,-0.1444294523679428
278,2021-02-26,google_hot,search,89459845,22450,1545.74,449,2,0,0.0,2021-02-26,0.02,0.0,-1.0
279,2021-02-26,google_wide,search,127823,240600,4453.1,1203,11,1,2283.0,2021-02-26,0.005,0.0008312551953449709,-0.4873234376052638
280,2021-02-26,youtube_blogger,influencer,10934,195016,38804.2,2247,82,16,127696.0,2021-02-26,0.011522131517413955,0.007120605251446373,2.290777802402833
281,2021-02-26,instagram_tier1,social,9034945,174375,12592.4,1342,27,4,26556.0,2021-02-26,0.007696057347670251,0.0029806259314456036,1.1088910771576508
282,2021-02-26,instagram_tier2,social,983498,508600,2403.54,2543,73,1,1981.0,2021-02-26,0.005,0.00039323633503735744,-0.1757990297644308
283,2021-02-26,facebook_retargeting,social,4387490,4906,1071.16,143,3,1,4981.0,2021-02-26,0.02914798206278027,0.006993006993006993,3.65009895813884
284,2021-02-26,facebook_lal,social,544756,55269,315.92,610,0,0,0.0,2021-02-26,0.011036928477084804,0.0,-1.0
285,2021-02-26,instagram_blogger,influencer,374754,192489,15596.0,1497,34,5,25205.0,2021-02-26,0.007777067780496548,0.0033400133600534404,0.6161195178250833
286,2021-02-26,banner_partner,media,39889,20930000,8087.73,2093,22,3,12213.0,2021-02-26,0.0001,0.001433349259436216,0.5100652469852481
287,2021-02-27,facebook_tier1,social,349043,213771,5003.33,241,9,1,4223.0,2021-02-27,0.00112737462050512,0.004149377593360996,-0.15596212922193817
288,2021-02-27,facebOOK_tier2,social,348934,66400,3235.77,332,13,0,0.0,2021-02-27,0.005,0.0,-1.0
289,2021-02-27,google_hot,search,89459845,4662,1754.25,83,2,0,0.0,2021-02-27,0.017803517803517802,0.0,-1.0
290,2021-02-27,google_wide,search,127823,40004,1487.24,243,5,0,0.0,2021-02-27,0.006074392560743926,0.0,-1.0
291,2021-02-27,youtube_blogger,influencer,10934,44000,5721.83,440,15,3,23943.0,2021-02-27,0.01,0.006818181818181818,3.184500413329302
292,2021-02-27,instagram_tier1,social,9034945,44112,1832.16,275,6,1,5981.0,2021-02-27,0.006234131302140007,0.0036363636363636364,2.2644528862108113
293,2021-02-27,instagram_tier2,social,983498,78799,254.14,503,3,0,0.0,2021-02-27,0.006383329737687026,0.0,-1.0
294,2021-02-27,facebook_retargeting,social,4387490,667,200.42,20,0,0,0.0,2021-02-27,0.029985007496251874,0.0,-1.0
295,2021-02-27,facebook_lal,social,544756,13693,3098.45,115,2,0,0.0,2021-02-27,0.008398451763674871,0.0,-1.0
296,2021-02-27,instagram_blogger,influencer,374754,24018,3524.08,298,6,1,4661.0,2021-02-27,0.012407361145807311,0.003355704697986577,0.32261469660166625
297,2021-02-27,banner_partner,media,39889,182546,2791.06,426,9,1,3981.0,2021-02-27,0.002333658365562653,0.002347417840375587,0.4263398135475411
298,2021-02-28,facebook_tier1,social,349043,97200,6440.5,486,11,1,4981.0,2021-02-28,0.005,0.00205761316872428,-0.22661284061796444
299,2021-02-28,facebOOK_tier2,social,348934,132200,8665.55,661,13,1,5509.0,2021-02-28,0.005,0.0015128593040847202,-0.36426424173883937
300,2021-02-28,google_hot,search,89459845,11554,3529.73,187,5,1,8714.0,2021-02-28,0.016184871040332352,0.0053475935828877,1.4687440682431803
301,2021-02-28,google_wide,search,127823,55625,384.75,487,1,0,0.0,2021-02-28,0.00875505617977528,0.0,-1.0
302,2021-02-28,youtube_blogger,influencer,10934,129025,9892.77,909,21,5,37450.0,2021-02-28,0.007045146289478783,0.005500550055005501,2.785592912803997
303,2021-02-28,instagram_tier1,social,9034945,63566,4950.74,546,12,1,5981.0,2021-02-28,0.008589497530126168,0.0018315018315018315,0.20810222310200097
304,2021-02-28,instagram_tier2,social,983498,775780,760.75,1024,4,0,0.0,2021-02-28,0.0013199618448529221,0.0,-1.0
305,2021-02-28,facebook_retargeting,social,4387490,1933,224.81,58,0,0,0.0,2021-02-28,0.03000517330574237,0.0,-1.0
306,2021-02-28,facebook_lal,social,544756,25840,6844.8,248,5,1,1491.0,2021-02-28,0.009597523219814242,0.004032258064516129,-0.7821704067321178
307,2021-02-28,instagram_blogger,influencer,374754,94058,4845.65,594,12,1,5008.0,2021-02-28,0.00631525229113951,0.0016835016835016834,0.03350427703197721
308,2021-02-28,banner_partner,media,39889,8490000,6822.62,849,18,2,7030.0,2021-02-28,0.0001,0.002355712603062426,0.03039594759784366
